u_id,password,username,email,realname
1,zhliu,zhliu,zh.liu@jacobs-university.de,"Zhao Liu"
2,ypan,ypan,y.pan@jacobs-university.de,"Yu Pan"
3,temirlan,temirlan,t.ulugbekuulu@jacobs-university.de,"Temirlan Ulugbek Uulu"
4,jeremy,jeremy,zh.chen@jacobs-university.de,"Jeremy Chen"
5,kinga,kinga,kinga@mail.de,Kinga
6,yipeng,yipeng,yi.sun@jacobs-university.de,"Yipeng Sun"
